<?xml version="1.0" encoding="UTF-8"?>
<LangFile>
    <!--
                            Fichier de couleurs d'interfaces
        Syntaxe :
            <entry key="nom de la clef">contenu</entry>
            
        Note :
            Le nom du fichier (sans son extension) est automatiquement ajoute avant la clef. Par
            exemple, pour faire reference aux clefs declarees dans le fichier "colors.xml", il
            faudra ajouter "colors." aux noms des clefs
             Certaines grilles supportent le format AARRGGBB
    -->
    
    <!-- {color: #000000} Utilise pour avoir la couleur syntaxique et la modification rapide -->

    <!--======================================================================-->
    <!--                            Couleurs                                  -->
    <!--======================================================================-->


    <entry key="ui.modalbg">0x000000</entry>                     <!-- {color: #000000} -->
    <entry key="ui.shadow">0x333333</entry>                      <!-- {color: #333333} -->
	<entry key="ui.shadow.dark">0x000000</entry>                 <!-- {color: #000000} -->
	<entry key="ui.light">0xffffff</entry>                       <!-- {color: #ffffff} -->
	<entry key="ui.bg.window">0x2A2A2A</entry>                   <!-- {color: #2A2A2A} -->
    <entry key="ui.wnd.border">0x33AAFF</entry>                  <!-- {color: #33AAFF} -->

    <entry key="chat.bgColor">0x000000</entry>                   <!-- {color: #000000} -->
   
	<entry key="gamemenu.background">0x000000</entry>            <!-- {color: #000000} -->
	<entry key="gamemenu.background.alpha">0.8</entry>
  
    <entry key="grid.title">0x5033AAFF</entry>                   <!-- {color: #33AAFF} -->
    <entry key="grid.bg">0x000000</entry>                        <!-- {color: #000000} -->
    <entry key="grid.line">0x10888888</entry>                    <!-- {color: #888888} -->
    <entry key="grid.over">0x20888888</entry>                    <!-- {color: #888888} -->
    <entry key="grid.selected">0x5033AAFF</entry>                <!-- {color: #33AAFF} -->
	<entry key="grid.bg.green">0x2C512C</entry><!-- {color: #2C512C} -->
	<entry key="grid.bg.red">0x5F190B</entry><!-- {color: #5F190B} -->
  
    <entry key="multigrid.line">0x5033AAFF</entry>                 <!-- {color: #eeeeee} -->
    <entry key="multigrid.subline">0x2033AAFF</entry>              <!-- {color: #FF0000} -->
    <entry key="multigrid.selected">0x33ff44</entry>             <!-- {color: #00FF00} -->
	<entry key="multigrid.subselected">0x77ccff</entry> 	     <!-- {color: #00FFFF} -->

    <entry key="radio.over">0x2c2e26</entry>                     <!-- {color: #2c2e26} -->
    
    <entry key="combobox.over">0x903D3D33</entry>                <!-- {color: #3D3D33} -->
    <entry key="combobox.selected">0x252c2d25</entry>            <!-- {color: #2c2d25} -->
            
    <entry key="contextmenu.title">0x000000</entry>              <!-- {color: #000000} -->
    <entry key="contextmenu.title.alpha">0.8</entry>
	<entry key="contextmenu.over">0x5588BB</entry>               <!-- {color: #5588BB} -->
	<entry key="contextmenu.over.alpha">0.5</entry>
    <entry key="contextmenu.border">0x404040</entry>             <!-- {color: #404040} -->
    <entry key="contextmenu.bg">0x000000</entry>                 <!-- {color: #000000} -->
    <entry key="contextmenu.bg.alpha">0.9</entry>
    <entry key="contextmenu.shadow">0x222222</entry>             <!-- {color: #222222} -->
    <entry key="contextmenu.separator">0x404040</entry>          <!-- {color: #404040} -->
    <entry key="contextmenu.shortcut">0x797979</entry>           <!-- {color: #797979} -->

    <entry key="timeline.border_current_fighter">0x00f5ff</entry> <!-- {color: #00f5ff} -->
    
    <entry key="tooltip.bg">0x141414</entry>                      <!-- {color: #141414} -->
    <entry key="tooltip.bg.alpha">0.95</entry>
    <entry key="tooltip.border">0x33AAFF</entry>                  <!-- {color: #33AAFF} -->
    <entry key="tooltip.border.activePin">0x60BB33</entry>        <!-- {color: #60BB33} -->
	<entry key="tooltip.separator">0xFF9E9E9E</entry>             <!-- {color: #9E9E9E} -->
    
	<!-- Couleurs de textes --> 
   
	<entry key="shortcut">0x5588BB</entry>                        <!-- {color: #5588BB} -->
    <entry key="text.help">0x6d6d6d</entry>                       <!-- {color: #6d6d6d} -->

	<entry key="hyperlink.link">0xc3eb21</entry>                  <!-- {color: #c3eb21} -->
	<entry key="hyperlink.hover">0xf2fabd</entry>                 <!-- {color: #f2fabd} -->
	<entry key="hyperlink.warning">0xec0101</entry>               <!-- {color: #ec0101} -->

	<entry key="tooltip.text.red">0xc10000</entry>                <!-- {color: #c10000} -->
	<entry key="tooltip.text.orange">0xf17921</entry>             <!-- {color: #f17921} -->
	<entry key="tooltip.text.disabled">0x868686</entry>           <!-- {color: #868686} -->
	<entry key="tooltip.text.violet">0xBB8BFF</entry>             <!-- {color: #BB8BFF} -->

	<entry key="hierarchy.moderator">0xff4343</entry>             <!-- {color: #ff4343} -->
	<entry key="hierarchy.gamemaster_padawan">0xc79866</entry>    <!-- {color: #c79866} -->
	<entry key="hierarchy.gamemaster">0xc79866</entry>            <!-- {color: #c79866} -->
	<entry key="hierarchy.administrator">0x686fff</entry>         <!-- {color: #686fff} -->  
   
    <entry key="text.glow">0xffffff</entry>                       <!-- {color: #ffffff} -->
    <entry key="text.glow.dark">0x000000</entry>                  <!-- {color: #000000} -->
    <entry key="text.glow.light">0xfffae4</entry>                 <!-- {color: #fffae4} -->
    <entry key="text.glow.red">0xed6029</entry>                   <!-- {color: #ed6029} -->
    
    <entry key="fight.text.multi">0x9a50e5</entry>                <!-- {color: #9a50e5} -->
    <entry key="fight.text.air">0x37d63a</entry>                  <!-- {color: #37d63a} -->
    <entry key="fight.text.water">0x3286b0</entry>                <!-- {color: #3286b0} -->
    <entry key="fight.text.fire">0xcd2828</entry>                 <!-- {color: #cd2828} -->
    <entry key="fight.text.earth">0xAC7948</entry>                <!-- {color: #AC7948} -->
    <entry key="fight.text.neutral">0xe8e8e8</entry>              <!-- {color: #e8e8e8} -->
  
	<entry key="smithmagic.success">0x365218</entry>              <!-- {color: #365218} -->
	<entry key="smithmagic.fail">0x5a2827</entry>                 <!-- {color: #5a2827} -->
	<entry key="tooltip.bonus">0x52AE3F</entry>                   <!-- {color: #52AE3F} -->
	<entry key="tooltip.malus">0xCB685E</entry>                   <!-- {color: #CB685E} -->

	<entry key="area.all">0xc7c7c5</entry>                        <!-- {color: #c7c7c5} -->
	<entry key="area.normal">0xc7c7c5</entry>                     <!-- {color: #c7c7c5} -->
	<entry key="area.weakened">0xd7b352</entry>                   <!-- {color: #d7b352} -->
	<entry key="area.sabotaged">0xb652d7</entry>                  <!-- {color: #b652d7} -->
	<entry key="area.vulnerable">0xd76552</entry>                 <!-- {color: #d76552} -->
	<entry key="area.capturable">0xb2d71b</entry>                 <!-- {color: #b2d71b} -->
	<entry key="area.all.dark">0x696968</entry>                   <!-- {color: #696968} -->
	<entry key="area.normal.dark">0x696968</entry>                <!-- {color: #696968} -->
	<entry key="area.weakened.dark">0x8c7330</entry>              <!-- {color: #8c7330} -->
	<entry key="area.sabotaged.dark">0x6f427e</entry>             <!-- {color: #6f427e} -->
	<entry key="area.vulnerable.dark">0x7e4b42</entry>            <!-- {color: #7e4b42} -->
	<entry key="area.capturable.dark">0x5d6f14</entry>            <!-- {color: #5d6f14} -->

	<entry key="icon.green">0xb2d71b</entry>					  <!-- {color: #33AAFF} -->
	<entry key="icon.grey">0xc7c7c5</entry>						  <!-- {color: #C7C7C7} -->

	<!-- Divers -->
	
	<entry key="progressbar.background">0x292929</entry>          <!-- {color: #292929} -->
	<entry key="progressbar.separator">0x373737</entry>           <!-- {color: #373737} -->
    <entry key="progressbar.mount.separator">0x808080</entry>     <!-- {color: #808080} -->
	<entry key="progressbar.blue">0x33AAFF</entry>                <!-- {color: #33AAFF} -->
	<entry key="progressbar.green">0x33AAFF</entry>               <!-- {color: #33AAFF} -->
	<entry key="progressbar.yellow">0x33AAFF</entry>              <!-- {color: #33AAFF} -->
    <entry key="progressbar.pink">0xdf1b45</entry>                <!-- {color: #df1b45} -->
    <entry key="progressbar.red">0xff5b3d</entry>                 <!-- {color: #ff5b3d} -->
    <entry key="progressbar.gold">0x33AAFF</entry>                <!-- {color: #33AAFF} -->
    
    <entry key="progressbar.damage">0xff6a3d</entry>              <!-- {color: #ff6a3d} -->
	<entry key="progressbar.lifePoints">0xc71c26</entry>          <!-- {color: #c71c26} -->
	<entry key="progressbar.shieldPoints">0x9966CC</entry>        <!-- {color: #9966CC} -->
	<entry key="progressbar.xp">0x3AF2FF</entry>                  <!-- {color: #3AF2FF} -->
	<entry key="progressbar.guildXp">0x8400FF</entry>             <!-- {color: #8400FF} -->
	<entry key="progressbar.mountXp">0x6CF0E5</entry>             <!-- {color: #6CF0E5} -->
	<entry key="progressbar.incarnationXp">0x85BCFF</entry>       <!-- {color: #85BCFF} -->
	<entry key="progressbar.jobXp">0x33AAFF</entry>               <!-- {color: #33AAFF} -->
	<entry key="progressbar.honorPoints">0xFF9900</entry>         <!-- {color: #FF9900} -->
	<entry key="progressbar.pods">0x60BB33</entry>                <!-- {color: #60BB33} -->
	<entry key="progressbar.energy">0x33AAFF</entry>              <!-- {color: #33AAFF} -->

    <entry key="map.search.grid.over">0xeeeeee</entry>            <!-- {color: #eeeeee} -->
    <entry key="map.search.grid.over.alpha">0.6</entry>
    
	<entry key="flag.unknown">0xEE9933</entry>                    <!-- {color: #EE9933} -->
	<entry key="flag.right">0x44FF44</entry>                      <!-- {color: #44FF44} -->
	<entry key="flag.wrong">0xFF4444</entry>                      <!-- {color: #FF4444} -->
	<entry key="flag.quest1">0x16d225</entry>                     <!-- {color: #16d225} -->
	<entry key="flag.quest2">0x00a9fe</entry>                     <!-- {color: #00a9fe} -->
	<entry key="flag.quest3">0xfe20a9</entry>                     <!-- {color: #fe20a9} -->
	<entry key="flag.quest4">0xffa91c</entry>                     <!-- {color: #ffa91c} -->
	<entry key="flag.quest5">0x01fafe</entry>                     <!-- {color: #01fafe} -->
	
	<entry key="gameserver.type0">0x33AAFF</entry> 
	<entry key="gameserver.type1">0x33AAFF</entry> 
	<entry key="gameserver.type3">0x33AAFF</entry> 
	<entry key="gameserver.type4">0x33AAFF</entry> 
	<entry key="gameserver.type5">0x33AAFF</entry> 
	
</LangFile>